<?xml version="1.0"?>
<theme-info xmlns="http://www.elkarte.net/xml/theme-info" xmlns:smf="http://www.elkarte.net/">
	<!-- Theme name, used purely for aesthetics. -->
	<name>Minimalist - white</name>
	<!-- Author: your email address or contact information.  The name attribute is optional. -->
	<author name="emanuele">emanuele45@gmail.com</author>
	<!-- Website... where to get updates and more information. -->
	<website>http://www.elkarte.net/</website>
	<!-- Template layers to use, defaults to "html,body". -->
	<layers>html,body</layers>
	<!-- Templates to load on startup.  Default is "index". -->
	<templates>index</templates>
	<!-- Base this theme off another?  Default is blank, or no.  It could be "default". -->
	<based-on></based-on>
</theme-info>
